"ASSET","BANKS","BKPREM","CHBAL","CHBALI","CRLNLS","DDT","DEP","DEPFOR","DEPI","DEPIFOR","DEPNI","DEPNIFOR","DRLNLS","EDEP","EDEPDOM","EDEPFOR","EFREPP","EINTEXP","ELNATR","EOTHNINT","EPREMAGG","EQCDIV","EQCDIVC","EQCDIVP","ESAL","ESUBND","EXTRA","FREPO","FREPP","ICHBAL","ID","IFREPO","IGLSEC","ILNDOM","ILNFOR","ILNLS","ILS","INTAN","INTBAST","INTBLIB","INTINC","ISC","ISERCHG","ITAX","ITAXR","ITRADE","LNAG","LNATRES","LNAUTO","LNCI","LNCON","LNCONOTH","LNCRCD","LNDEP","LNLS","LNLSGR","LNLSNET","LNMOBILE","LNMUNI","LNRE","LNREAG","LNRECONS","LNREDOM","LNREFOR","LNREMULT","LNRENRES","LNRERES","LNSP","LS","MTGLS","NALNLS","NCLNLS","NETINC","NEW10_1","NEW10_2","NEW10_3","NEW11_1","NEW15_1","NEW15_2","NEW15_3","NEW15_4","NEW15_5","NEW15_7","NEW16_1","NEW6_1","NEW9_1","NIM","NONII","NONIX","NTLNLS","NTR","NTRTIME","NUMEMP","OEA","OONONII","ORE","P3LNLS","P9LNLS","SC","SCAGE","SCEQ","SCMUNI","SCMV","SCUST","STNAME","SUBND","TINTINC","TOINTEXP","TPD","TRADE","TRN","UNINC","YEAR"
22897206750,3928,189978703,2601179703,2378675776,17598335,5542642031,18238613615,1466577470,14340581143,1340846906,3898032471,125730564,94712111,437070428,391775934,45294494,34805757,543408582,81460455,233835906,48144063,175567855,175088354,479501,266574653,3230606,5091955,629895803,369339224,121810006,"CB_2024_USA",46175958,-5918405,783648447,36679049,826723971,6396475,410748268,20925665747,15830418429,1203276242,168863154,31406165,63932750,324424353,25338682,83036079,206228749,496116366,2330648996,1887980943,293215095,1055963548,60723122,12061752627,12059740687,11853511938,0,190740904,5569763689,116553783,458269034,5523407316,46356373,577580548,1738978511,2632025440,0,118396995,0,82252630,115574060,259297219,731484853,887437511,,1820461904,16896554055,8029777,760828179,573201604,8586540089,16772036145,1065448897,65886320,1144790681,659867660,299919551,553902402,77113776,10363084256,2642854025,1948518,1517333314,268513386,3519424,71605074,33321430,5176144719,2678125504,0,291619899,4890082656,1467363619,"United States & Other Areas",55049165,376552271,103922683,104926504,887437511,6408951889,2011940,"2024"
22451217075,4036,185508612,2763801167,2526859543,14769400,5129320620,17832421016,1467776449,13818392297,1346500493,4014028718,121275957,72302686,339295301,300499881,38795420,25303437,431724807,79596457,238800723,46772352,208871810,208382928,488882,261945128,3336358,874928,619235225,319926982,110607731,"CB_2023_USA",38442166,-11023970,721787693,35792677,762902548,5322178,417449804,20498317920,15361322804,1091832405,145771944,29751903,56501229,312273607,20173927,78951876,202002160,506684744,2435194872,1973501445,372120899,1006842495,59435813,11812947821,11811576750,11609574590,0,202066140,5508049551,114619814,473407445,5460673377,47376174,563148928,1720236258,2589260932,0,115962090,0,68085882,99241289,245240890,758201375,757997091,,1439786000,16501031972,7395939,746675975,577317130,8615466643,16364644537,1165954509,61623219,1110250954,660107598,294959707,563197240,57533286,10413368589,2619857274,1974430,1377232316,265207804,2748161,68792060,31155407,4984651471,2618600315,0,322028050,4721144095,1278458978,"United States & Other Areas",57049016,328929857,90263014,99947467,757997091,5951275948,1371071,"2023"
22315212074,4136,183497835,2499473518,2257228283,14822437,5261099620,18133153156,1488788247,13265055194,1347495767,4868097985,141292480,43370580,84575617,74393515,10182102,4862983,112008555,47566323,209917969,45885556,139294339,138672366,621973,247979719,2259171,-263500,638412991,266131895,35912573,"CB_2022_USA",12288106,-3519060,503880041,22302814,530507791,4324936,423261946,20396666501,14473087638,704375770,107893705,32310644,63628671,317408366,11218660,73499947,181143813,525935525,2486419848,1921533862,387036747,910474245,64210453,11587344542,11585594524,11404450711,0,208428020,5338131708,111804397,440131591,5281941827,56189881,550004861,1680585396,2499415582,0,110488371,0,51805549,81470586,249754418,788531487,728949694,,1384632292,16818170297,3590290,722997975,588394594,9834635727,16644364905,876794799,19739445,1067070396,592367215,280208673,507601199,28548143,10522636408,1548629558,2016527,1367362685,247898029,2470161,62231284,29665037,5367624822,2819713679,0,371328376,5040163036,1381301382,"United States & Other Areas",65105750,173867979,26861599,91896321,728949694,6121728497,1750018,"2022"
22200965310,4238,178660330,3420853146,3193346425,17082648,4969375025,18415160068,1511978092,12845553624,1337479371,5569606471,174498720,41827379,22301842,21685991,615851,331855,32393759,-31333593,190180858,45995762,149679814,149209465,470349,238114255,1748082,47248,596624009,256051483,4813422,"CB_2021_USA",2359577,2394555,410655339,16288689,431349329,4405301,393900334,20501891736,13693326939,521679562,73421705,33234525,67766280,328680782,7719550,71146382,164635526,517831087,2262156371,1744687618,350524442,781439445,60851997,10567521658,10565563612,10400928086,0,196631830,4818856301,104267223,376260711,4750057202,68799099,438382135,1548562453,2282584680,0,112721628,0,59608304,85604621,263168314,703232697,723326629,,1300469475,17035552360,4508540,724688431,650410737,10816321688,16903181927,525331816,7603626,896216966,489285803,285970891,477909506,24744731,11165045513,1117485214,1949433,1319950638,252736366,2789223,52572210,25996317,5587666587,3055014355,0,408811132,5568571298,1410367830,"United States & Other Areas",66390016,90330233,9683563,78568527,723326629,5738136414,1958046,"2021"
20490612225,4379,180089756,3073676041,2821370899,14872482,3636297634,16684029922,1533793441,12026387530,1374325244,4657642410,159468197,64717836,52635059,49664839,2970220,1566033,70460950,124595061,182516923,46240152,79622807,79218467,404340,224077344,2022996,-102447,780630054,263381581,7070854,"CB_2020_USA",4732473,7528972,437838947,17759985,460460893,4861961,376271756,18862007481,13007910157,559945071,76230590,31531252,33323133,162593031,8786683,68721409,220599798,472269963,2384061578,1615430559,325526754,734736911,59976390,10206610645,10203616415,9983016617,0,195724923,4678068613,101019121,362039176,4608204443,69864170,409053822,1470321465,2265770859,0,118949311,0,77915663,109558455,136466350,624356665,731231799,,1085677849,15388889623,3572895,636010900,655556504,10172300558,15150236444,649930139,13673237,815523037,489484121,265812693,468108722,49845354,10904995650,1341638252,1943265,1511861853,234281441,4415053,58544876,31642792,4545758112,2606851356,0,362840432,4573293423,943716626,"United States & Other Areas",68210907,99484178,17262266,90187668,731231799,4245240794,2994230,"2020"
17491133592,4526,179090680,1594281716,1387515620,15021100,1816543828,13614287333,1315291809,10408656974,1190044240,3205630375,125247569,61395281,111719806,100271480,11448326,6024687,148377721,49853613,176214571,43655491,169315174,168634674,680500,210686473,2788466,162640,561579933,226531491,22970322,"CB_2019_USA",13943980,3494626,481515560,22491038,508974178,4967580,396813641,15952494940,11689469576,653647021,89182560,34632760,56566654,270732934,13438077,75438524,114153235,458770571,2164262503,1695551366,311822137,846120582,74548734,9864836078,9862632199,9748478964,0,181734752,4604187931,102473430,338398361,4540382501,63805430,390075152,1419315788,2290119770,0,126337335,0,51302228,83993448,217593740,545220065,658450319,,942774891,12468810839,3881683,552720015,588874796,8657666148,12298995477,984355250,27246277,750564463,505269300,251950097,436632850,46374181,10075222734,1824785501,1941314,1220030252,217317337,5403772,61341728,32691220,3596470104,2122537822,484226,302961378,3605658564,619596581,"United States & Other Areas",69925861,144672843,36059430,94032948,658450319,2223772743,2203879,"2019"
16728101634,4717,122105828,1617299243,1403421392,14981665,1723790648,12898467418,1253300918,9729772511,1136263821,3168694896,117037095,57057819,77230761,68353534,8877227,4036937,111299038,43928974,178056660,42364750,158461698,158002387,459311,205208506,2778611,-37432,620806546,235442434,24802543,"CB_2018_USA",8325366,183122,451464892,21964543,478418475,4989040,385309460,15260315802,11064176367,610121712,83458744,34774597,56658122,278847917,11023897,78825896,113717957,430347500,2114330181,1595382251,282794032,803689067,83230952,9462135384,9459888245,9346170288,0,186619803,4413340723,102827456,327018416,4351437726,61902997,350281583,1337376292,2233933979,0,127525323,0,53822316,89643847,222055268,522349818,571188164,,862880230,11813309990,3739937,517517843,563899648,8175479396,11645166493,1030299574,26799344,740210316,498822674,254256617,430302401,42076154,9550805887,1745896449,1943051,1191994710,219482020,6282377,59511650,35821531,3318729412,1952154049,1025507,317304636,3299729448,521348761,"United States & Other Areas",68661848,131703237,33614892,95333181,571188164,2094360606,2247139,"2018"
16217881358,4918,118252915,1832972098,1618661480,13297247,1699893098,12467586531,1317594804,9181460133,1196474985,3286126440,121119820,54796564,42932301,36821073,6111228,2055649,66848952,44356026,164100211,42131202,113422451,112925477,496974,197234628,2742936,-87270,429007530,253528266,16142118,"CB_2017_USA",4884887,1823019,391872897,19488423,416061121,4699801,372022501,14782586355,10521413669,524347298,73996594,35117492,90204393,240290042,9839500,77405033,112660448,424305205,1937069956,1527472927,261039152,762125634,83766243,9007798224,9005676036,8893015588,0,188828812,4301413802,98948544,315750963,4237066475,64347327,328445583,1285153894,2208767491,0,126238695,0,61017817,105142814,151492098,536509199,568538209,,765602768,11412990306,3828972,511274327,539492926,7957902970,11149991730,1017523015,18766653,722802121,457498346,235852448,408704726,41499317,9106556044,1492195662,1950933,997545739,200734956,7906848,61666716,44124997,3273363548,1915810882,6587744,355838373,3270270462,458617350,"United States & Other Areas",68902255,108286177,23565238,105791713,568538209,2043435686,2122188,"2017"
15627781046,5112,112419513,1738274691,1535200955,12778806,1592931789,11982312148,1245578949,8800151248,1135662990,3182160925,109915959,51067598,29636503,25008820,4627683,1552029,48671164,42950780,154598888,42960683,95745967,95251545,494422,186933983,2883785,-322568,397898647,225179649,8451512,"CB_2016_USA",3788492,3539213,356312828,19826690,380796117,4656599,358627188,14200927833,10106381622,471901608,66834456,34683126,68828323,222632073,9943047,76717178,111707244,414396068,1864801382,1448235636,250874012,706423506,82560979,8605801145,8603821592,8492114348,0,171726498,4132715274,93693469,292736311,4074321952,58393322,308514026,1223454539,2155923607,0,122879240,0,73111036,120082154,156685060,573155810,550657288,,706164919,11024817199,3752892,501395627,452346430,7707735749,10736733203,997166368,14598847,742466210,423230444,232694577,390342169,38288792,8816751876,1436065665,1923661,948555935,198011451,10266566,60021592,46971118,3225056595,1798144956,6659609,346264388,3221172274,500831832,"United States & Other Areas",83884357,91105491,19034661,106992710,550657288,1919981327,1979553,"2016"
14893214772,5340,111946421,1686442195,1499395156,13254192,1493418751,11349503567,1281997023,8320140393,1180164205,3029363204,101832818,46762525,25504893,20755491,4749402,1207990,40485569,33115111,153975551,42654991,97603964,97277618,326346,181123600,2693790,-11802,363659226,259351823,5440620,"CB_2015_USA",2941353,3372289,327854841,19804387,351956176,4296948,350308065,13526237534,9617664794,438200726,65072540,33543624,65019761,214032269,9860420,78937987,109385137,388545591,1773808383,1362577809,235800580,664608580,95406854,8171960834,8170050510,8060665373,0,152002512,3921795465,88471977,257339101,3856849319,64946146,273696159,1138911298,2098430784,0,113126508,0,71499193,126144412,151896097,613259711,540735285,,674305337,10424804609,4114806,490270636,430313516,7107479959,10067506566,947285512,11078896,704440142,397715157,233558337,384126114,33508333,8255263551,1466607856,1904845,904394511,200014713,13235571,58897246,54645219,3061782494,1703451777,8280402,328563119,3065176133,408227485,"United States & Other Areas",90887066,86244550,14980676,113542465,540735285,1812243015,1910324,"2015"
14474657533,5607,112001406,1854479110,1643685372,15197021,1435921613,10938732842,1393368957,8056677809,1291043867,2882055034,102325088,51239772,25740094,20048941,5691153,1479899,40833610,25855645,163058374,42210517,82764868,82558287,206581,177742371,2751014,-52632,356237625,294252555,5183333,"CB_2014_USA",2903581,2792291,318418754,22495193,345352292,4438345,346510526,13106281013,9348685509,429417525,63116975,32931178,62095023,200168414,10283408,75414016,113064805,360651406,1650689752,1298722643,237643867,638366028,98810929,7632696723,7631148064,7518083259,0,131071431,3699599697,81726578,221784937,3632907321,66692376,232137530,1054802554,2042455722,0,110724796,0,78886373,148867686,140189718,687709135,654682482,,567663396,9985108503,4719031,483985814,464919494,6618266347,9545363885,900913323,10862603,679323190,388583915,227844213,390404069,36042751,7804586605,1491175925,1910759,1010920107,194913035,19747660,64280719,69981313,2933592275,1542365234,10585802,302281912,2941031535,390650192,"United States & Other Areas",96841822,84065233,15093516,134262032,654682482,1740777280,1548659,"2014"
13673056712,5847,111983480,1632511962,1406183468,16327760,1319237999,10385833653,1401024968,7738894167,1298134369,2646939512,102890597,65820488,29243508,22764305,6479203,1843229,46209024,28303680,155708758,41253457,83273856,83116243,157613,175494662,3110175,126083,424029503,337110621,4746145,"CB_2013_USA",3609812,4091047,319381426,23061896,347052262,4608940,354284001,12280474387,8946437298,430477628,61745194,32507410,64867286,204539895,10964573,68125568,126471038,332148384,1506295443,1248797629,237561337,621634613,113285645,7242474218,7241020287,7114549249,0,114188059,3596428044,76311387,195344850,3530490986,65937058,203551432,1012715066,2042568251,0,108496935,0,99896604,191400966,143110234,750599575,614828859,,486856858,9460823790,3238076,459414082,462357705,6256253293,8984808670,771399300,12012112,672217244,384268604,231897726,383322755,49492728,7371085354,1409317378,1924790,1038858362,199390316,27769106,69297643,91504362,2720883308,1491850987,10886321,279582915,2714400012,187963510,"United States & Other Areas",99033210,83425366,16965516,160802005,614828859,1613723316,1453931,"2013"
13387499239,6072,112509600,1335227076,1071997733,17219846,1196934622,10012097628,1370180658,7434904601,1265285229,2577193043,104895431,93364625,36452519,28566401,7886118,2174015,57099277,52323777,165639432,41599170,89595545,89426110,169435,173455138,3395392,-85878,505827039,427109620,4641354,"CB_2012_USA",4758374,8940813,326152792,25334447,356400966,4913727,351465325,11940682124,8692655800,444660155,65120318,32526190,52586362,174374697,11103008,64539559,152213911,301655379,1437813142,1230509040,238170287,634049658,103160311,7045144786,7043761698,6891547787,0,95711123,3607204741,72311315,188031524,3547058241,60146500,178064488,977655839,2130995075,0,103223130,0,138550199,255292312,130041412,760155897,721928923,,402983760,9099944111,3436326,433748878,474968313,5966927250,8641916965,713109079,15077351,684748615,387560878,227656720,388519124,76144779,7150677463,1478055093,1961358,1227755962,195130530,34864233,80583716,116742113,2749380642,1525639793,13585419,249793087,2755415734,200206437,"United States & Other Areas",117532500,88259189,20646758,197325829,721928923,1491239502,1383088,"2012"
12650468093,6275,111962685,1197160235,956467424,18785915,1031416414,9258874267,1428229999,6954774341,1332496425,2304099952,95733575,124268530,45307642,35193656,10113986,3020909,71281743,70020284,160003364,40862899,70903776,70778760,125016,164690064,3686145,911097,457673545,438847748,5176803,"CB_2011_USA",4987221,4992802,328024284,26636943,360074909,5413682,348544369,11210706759,8279645601,455652795,69987189,32547851,46245846,151314520,12928831,61084731,178666557,282327890,1276132284,1213051861,241143564,632177774,119277376,6720862260,6719229478,6540562922,0,78526313,3547259406,67995290,221184804,3487725209,59534197,158780428,953243322,2086521365,0,97925541,0,157765146,285923409,110182982,733842440,714275526,,327604689,8376805135,2844236,425996749,453228147,5272871999,7830644239,754234932,19267047,697550033,384371052,213042735,376078983,105482615,6522520114,1526355826,1952190,1171949071,180494884,41011436,90420657,128158263,2541727342,1431462604,12855834,206282337,2544788187,157284125,"United States & Other Areas",131788580,95577886,25974101,218578920,714275526,1308124125,1632782,"2011"
12069442602,6519,110670756,922854347,738137633,17731104,705919084,8517722866,1549552066,6796496399,1465719267,1721226498,83832799,193876101,56809372,48299339,8510033,3351977,89387233,146868985,150591371,40426128,51381483,51298677,82806,156562885,4241080,-565473,454369397,528687521,4247368,"CB_2010_USA",4008575,8294183,349763178,25768504,381530422,5998740,373372492,10648252823,8389827959,481645564,77127728,35657974,33712004,104045715,12429856,59070608,218015018,0,1121046764,1227097584,516481426,652757692,102455199,6598449243,6596068630,6378053612,0,65907762,3650693499,67524489,295168789,3593512791,57180708,154881923,959495176,2116442414,0,99572490,0,202802574,326842351,77427236,679180121,723731908,,272605284,7739936642,3719965,389438266,384627993,4609764588,6968170786,919819576,24984804,705776071,392258331,216693886,358037517,176144997,6000779766,1652487114,1922697,1178101305,181035912,46653746,105643137,124039777,2353960273,1302786727,14925446,171159896,2356526663,185908083,"United States & Other Areas",144824463,100115142,32577861,229682914,723731908,967391020,2380613,"2010"
11826781868,6829,110526150,977134319,765060872,11239386,651695730,8336603049,1529873741,6768554566,1465106362,1568048528,64767378,185822064,82894738,73830869,9063869,4548394,120423277,231535741,142086373,41457153,43487768,43359325,128443,151131188,5665391,-3840746,401729959,551412185,5171931,"CB_2009_USA",3430417,-1046678,335999102,26368213,368903923,6536608,386990928,10357193942,8405882897,482342203,86304881,41098700,4492461,-1457526,15923984,59323317,213877828,0,1149917022,977879333,532908042,383690121,112424993,6500300809,6496607416,6282729588,0,61648675,3824163025,66160658,413948718,3761181077,62981948,157310455,982505394,2141255852,0,107477020,0,237505863,363576850,-11619811,714127898,706375162,,207467379,7481062705,3837409,384185346,467517589,4148031113,6806729299,931253039,27314754,724148245,361918926,242720247,374560958,174582678,5898915121,2007002456,1892738,1108105121,201621547,35849155,125391904,126070987,2201298361,1212363124,20311142,154103137,2203860999,100393063,"United States & Other Areas",154663107,113438280,37528539,251462891,706375162,907814178,3693393,"2009"
12313141199,7077,109697977,1041879943,779876785,8619715,645607250,8085709986,1539086798,6655066700,1480845710,1430643359,58241088,97455790,143035724,108407275,34628449,19604117,210573907,152570889,123856308,38532883,42965265,42838085,127180,137941420,6947342,5446147,688046006,804489894,10354196,"CB_2008_USA",16242595,-14404105,354845661,38885520,398246755,4515574,392655687,10839724693,8917500052,530609216,76945679,38951742,6288777,30508757,25244785,59576480,156707871,0,1416644613,1000063353,533349450,405423249,111856314,6843479567,6840672392,6683964521,0,55496050,3842701135,63284192,532675501,3778290124,64411011,150131731,956160122,2076038578,0,118751331,0,134154389,201483372,15262023,493144195,939907185,,238390227,7236426662,3990532,354130368,491162424,3511868123,6546623182,1274961059,40986724,686146441,320035309,194168941,331124604,88836075,5694919093,2389147809,1946858,1627953191,155217199,22913243,134954464,67328983,1747930196,1056708333,21733226,144025722,1741726291,32318720,"United States & Other Areas",182982399,132362461,67538183,202283447,939907185,851704089,2807175,"2008"
11181900787,7279,105045160,482309692,192600757,8588335,512529533,7313861237,1502061276,6112278722,1436773507,1201582521,65287770,46864785,210473338,156539438,53933900,38133325,308119899,57400831,125329717,38034352,79915430,79739239,176191,141308329,9476857,-1735552,646096408,766238167,9789976,"CB_2007_USA",28353241,-638231,414937998,39645534,461412442,6828910,423316705,9839663412,8168820803,611498904,81180698,38657099,42752640,142765577,26352433,56569500,89230957,0,1369293592,959879680,521169308,375691052,136203604,6631978516,6629764071,6540533114,0,44848708,3677515026,57006745,560079166,3606983509,70531517,110822261,865623711,2013451626,0,128784017,0,58937174,88166706,97639154,479410928,867660203,,258884323,6547295337,5003238,326234850,435327812,3202138073,5811799951,1115403964,50036379,514374406,303379005,211073718,314286315,38276450,5104170846,2097132345,1958301,1513756611,172416619,9792169,85448844,29229532,1592772930,920566577,20994700,141309047,1592291404,30491680,"United States & Other Areas",174899950,150086462,97646561,114678376,867660203,707629105,2214445,"2007"
10097741906,7397,96861202,433132842,154255165,8381188,516121610,6735638819,1193603946,5518831781,1140473194,1216807072,53130751,31880791,173078115,132806979,40271136,34554349,263243195,25613429,113698657,35969693,80551222,80327181,224041,133404884,8587509,2648183,529538021,719942693,7724315,"CB_2006_USA",21085932,-1384120,381986105,29895778,419246114,7364231,358610213,8887612447,7259084344,548298312,79030497,35693795,59493965,186496532,17954383,54089022,69118781,0,1140131685,858863010,470162464,341022080,128972063,5987975316,5985673632,5916554851,0,38344641,3434208622,52352068,499066056,3376911281,57297341,106504195,811647987,1907340975,0,136923679,0,27616818,47846379,128266630,425616532,619625258,,196442528,6048017895,3847558,289970705,393802661,3109594452,5542034874,870520079,47023222,470312141,285055117,217460062,290405217,23499603,4825946679,1916318812,1942770,1149163279,181766267,5468226,58743760,20229561,1667639152,1046053419,17919152,135281162,1666612346,42768887,"United States & Other Areas",149789791,129052198,90165080,78973321,619625258,716088195,2301684,"2006"
9046945908,7523,91769260,400416027,123677582,9559108,543703054,6077508026,920631945,4873023982,870234587,1204484050,50397359,38074707,106532219,82752698,23779521,20203327,165400204,26664597,111549168,34971093,64276644,63933240,343404,122952264,6660035,240627,443384686,668045336,5166395,"CB_2005_USA",11034528,-169474,302293684,23930480,333604071,7379907,303004221,7956871291,6420412827,433571362,67269448,33805829,53873446,167767297,13671840,51461763,68796794,0,1020171535,838687360,442370932,355626985,161307078,5389045770,5386067699,5317270905,0,32157642,2988303182,47749783,392565271,2935824605,52478577,98135242,739308305,1658066004,0,136720041,0,23357174,40418750,113965005,378145089,499144320,,160237110,5541112804,3392286,261054531,271948405,2963206420,5156876076,757106746,32004623,414536323,268171158,202845892,276585156,28515599,4408569409,1649966602,1869417,942529006,169040063,4026368,47409803,17061576,1573393798,1005976551,13512740,122505218,1572083680,53254198,"United States & Other Areas",122236763,99967291,58867985,64471379,499144320,748306667,2978071,"2005"
8420099062,7628,86835034,387642695,153881044,8686460,548308746,5596572154,865891962,4491744918,823005761,1104827246,42886200,37802860,62284831,49308544,12976287,9222154,97081326,26116505,108394856,32218502,55637202,55349299,287903,110905688,4716764,69923,385241369,577978062,3382222,"CB_2004_USA",4954108,3231455,240337128,21333813,268912214,7241273,275827273,7431529580,5918182150,346243844,56973303,31943938,49353204,150073671,9740283,48601368,73557823,0,908299763,840041991,429113220,371765848,141920507,4912828281,4909619701,4836061880,0,28672482,2624355717,44619583,290757626,2571289833,53065884,88109560,668040987,1479762077,0,141630289,0,27081893,42103343,104021848,337933934,504299585,,179306114,5055980403,4751635,238466352,297373764,2789415086,4730680201,738321506,20857573,388293106,249162520,184731691,257704042,29116400,3973478755,1392956369,1816163,889540954,152787753,3852434,42180752,15021450,1552045702,1022790180,15486091,111995596,1552593108,63839899,"United States & Other Areas",110137664,77331630,34796491,57202202,504299585,757201446,3208580,"2004"
7601000415,7767,83383385,387417270,127909697,8297536,529268440,5034669168,741171227,4043266909,705658060,991402253,35513165,46211206,62734830,52094810,10640020,8076060,95444221,34808610,101829054,31319530,77838371,77581776,256595,107790342,4231307,427515,331867882,527872351,2721780,"CB_2003_USA",4992645,5600379,234001926,20078666,262952928,8872336,158173668,6715924936,5404848590,335342857,54152758,31728824,49319003,145857274,7897008,46321438,77120835,0,869464043,770294395,416900158,315838527,142630549,4431398897,4428529712,4351408878,0,25204007,2272644932,40699009,231532049,2233086033,39558899,79672405,602643081,1278539489,0,149110048,0,37086484,52949096,102566180,323231267,448569375,,155729456,4524527229,5197715,230410869,274533355,2510786066,4293497917,732950017,20402027,379480168,239898645,186763448,245996172,37913670,3561337197,1253443411,1759347,780437257,155034624,4530675,45137286,15862612,1456169104,932368559,16476584,110178892,1457436088,73913799,"United States & Other Areas",100759313,72389929,32709394,60999898,448569375,732160720,2869185,"2003"
7076844192,7887,79232539,383842331,119068934,7197311,531626961,4689787744,658037244,3749538274,624425534,940249479,33611708,51712762,82181959,68080728,14101231,10455903,120715181,48172433,98788594,29430490,67535745,67327508,208237,100379252,4461003,-68203,312062880,571662476,3565580,"CB_2002_USA",6192396,6459718,244170162,21894694,276017325,9952472,124850466,6242200777,5015468424,357154192,60231467,29748223,43778564,126826185,8611550,46831632,76982569,0,910805186,703565094,389570211,275785895,133696466,4159607355,4156206823,4079224252,0,21827030,2068227194,38065619,207465655,2033946992,34280202,71933674,555977650,1160504394,0,158571360,0,46280614,60550785,89439142,298252883,397134577,,116083323,4221185835,30161014,199459461,238981434,2209577225,4031750491,599523533,23616328,361356412,236439007,172134592,233574997,44515451,3321215732,1290546305,1745591,709197457,142386369,4430591,48808719,14270171,1334710134,847416987,22529635,102614089,1337344773,63896544,"United States & Other Areas",94744141,81136867,38533234,63078890,397134577,710534759,3400532,"2002"
6552293846,8082,76643935,390340367,122762697,6352175,576024604,4377557731,629515871,3505775887,597858363,871781881,31657510,42825920,130560685,105163537,25397148,19690261,187737722,43336864,95667452,27568641,54228347,54047583,180764,92608342,5374755,-248495,317634816,503063005,5319800,"CB_2001_USA",12551719,4476473,275448345,23649241,309708877,10611291,120143368,5727891366,4672604422,402236129,62993296,26465253,36867262,106770407,9552455,47907426,72273347,0,981132993,629405228,362755159,232448037,117436226,3887451078,3884328453,3812055108,0,23595418,1800224306,35532877,193013798,1763529549,36694757,64130646,505881986,964970242,0,165494517,0,41361813,54581227,74131124,294974287,302899238,,122254923,3981540155,12372705,175061509,208583362,1879989245,3748041851,568452167,32112009,356207938,214498401,158831755,223222919,36473745,3002089982,1292028002,1701721,620534054,132366502,3829583,53120239,13219414,1172539507,715510699,20724212,96495240,1173815933,44835091,"United States & Other Areas",95313363,92527252,57177025,66339653,302899238,745951869,3122625,"2001"
6245559732,8315,75793540,369930621,105157175,5635473,531469301,4179567486,706666369,3423073069,676072372,756494415,30593997,30406687,151784824,115048379,36736445,27470948,224568042,30025693,101477035,26781612,53853589,53749073,104516,88572813,5921827,-31967,280155046,475364452,6443429,"CB_2000_USA",13531158,-2283007,295208913,24533022,330221404,10479469,103803239,5519621523,4557389533,428151833,68531664,23787404,37864042,110974041,9424158,48098720,64120431,0,1051991648,606694501,357269458,249425043,118056167,3818409616,3815497766,3751377337,0,21250723,1673323681,34095935,162613271,1641290735,32032946,60406379,466452503,917722647,0,162627548,0,32061252,42930442,70795046,233965771,303947341,,136366650,3731761862,8582733,162310612,276912279,1568121930,3472901121,571909047,39390432,278358478,203583798,154247451,216831473,24771214,2793609603,1373309890,1670758,584102387,130460047,3209509,0,10869190,1078984624,635345639,41248691,92679883,1079449244,75744654,"United States & Other Areas",87042965,97930409,72783207,10869190,303947341,679291518,2911850,"2000"
5735134597,8582,73743171,366455687,125203359,5634484,527912169,3831058463,655589140,3127705304,627002660,703353157,28586480,26002325,119064090,92161503,26902587,21430386,175154130,21803329,93264642,25795511,52082235,51893279,188956,85458945,4859154,168882,226304587,445313598,5922185,"CB_1999_USA",12208555,179873,246276838,24388742,280365156,9699576,98067230,5085665279,4204807844,367109696,61567740,21547212,39360544,110539489,7046063,45276108,58746301,0,969256863,558495737,346349062,212146675,100695993,3492765489,3489092468,3430346166,0,19824375,1510338788,31901670,135632242,1477780830,32557958,53167752,417633323,839445843,0,149892628,0,23395541,32999474,71527729,198218759,257275164,,138984935,3414288084,7555705,152455012,256759662,1421830303,3175469318,555339180,29800473,233332058,191955558,144906378,204519099,20367841,2488747250,1225726846,1657628,483579751,123359166,3074550,0,9603933,1046536003,608832065,37262353,89188084,1043457634,113034750,"United States & Other Areas",76449762,86744543,56090013,9603933,257275164,686722068,3673021,"1999"
5442603969,8775,71310530,356703083,110939671,5840534,587762127,3681390727,572033860,2961347566,548252866,720043161,23780994,26750510,125280944,95294850,29986094,22429362,179405305,22369978,91241164,24159982,41003779,40844635,159144,79146029,4787937,506756,278290015,436490992,6510682,"CB_1998_USA",14947689,3130738,238393638,26942739,273783450,8447073,80221532,4834100563,3887320151,362410701,57033014,19799585,32016473,90264309,10135859,46247498,57255228,0,898555222,571044926,342060667,228984259,97439339,3240758828,3236641517,3179386287,0,18684860,1345588948,29096094,106719384,1314953985,30634963,43241742,370544141,765352624,0,123309848,0,20697631,31258621,61885315,149795693,285617572,,139888144,3280348638,7279311,138701502,255061276,1350977671,3109356858,416696673,26907062,207552104,183005396,124176042,194547156,20909976,2355805928,1170617060,1627018,563907587,104376457,3655829,0,10560990,979867018,594824929,32222991,86842972,981694648,116180442,"United States & Other Areas",72784920,88627244,54124361,10560990,285617572,753550930,4117311,"1998"
5018532250,9144,67182313,355148599,116362372,6156277,591330376,3421663524,526194713,2744883503,504762895,676780023,21431818,24676522,117296045,90757779,26538266,20599185,165218957,20076706,76349925,22000764,42590064,42451614,138450,71812946,4035406,19084,261770902,416054852,6358028,"CB_1997_USA",13581427,1841825,227097611,23314910,257363194,6950673,61690091,4466328836,3581339512,340190483,52830382,18544745,31876477,89174858,10057457,44878393,54896848,0,794997670,565034064,330232878,234801186,85102833,2978924456,2974455543,2919558698,0,18670885,1244985491,27071566,88241525,1216828585,28156906,41231489,341521865,718762140,0,100552857,0,18575668,28661676,59159284,108780702,296757562,,124702231,-1252763811,6763520,125393420,4542270395,1173746475,2895468806,358386243,23288362,180090296,174971524,104443712,170163648,18520245,2132365742,1130391955,1539634,558528464,85898967,4454494,0,10086008,871879302,505925276,25661595,76893092,873616779,154618647,"United States & Other Areas",62014914,82827294,47922953,10086008,296757562,763103064,4468913,"1997"
4582164804,9530,64613247,336052043,94805726,5856981,603232879,3197138558,473580215,2532877920,452284853,664260638,21295362,21481168,107379408,82922841,24456567,16760449,150139629,16469202,73025543,20730947,38790877,38673440,117437,67072102,3539997,88396,163982696,317888304,5364012,"CB_1996_USA",9052216,1113584,209124883,25522942,239558647,4910822,44721427,4061675162,3265660783,313198834,50689597,16936027,28176690,79298913,8534326,41323550,53646561,0,709599593,566101435,330626224,235475211,114271231,2820397878,2815090353,2761443792,0,18586823,1139018280,24963921,76398922,1110935493,28082787,38161742,315988518,655422390,0,78380343,1898595,19556008,29216324,52324224,92884273,240787123,,153116609,-1466968998,9317845,117024745,4537764966,1083104396,2723558326,361828629,22459775,164457301,163059205,93537540,160828594,15624187,1924938604,1037221051,1490306,404769819,76601513,5451359,0,9660316,800655825,441867652,21987959,74897462,801227086,169018442,"United States & Other Areas",51167335,73640151,42760221,9660316,240787123,798619722,5307525,"1996"
4315175017,9943,61424919,306544661,79120347,6016856,576710899,3027575683,454094003,2415588520,435714280,611987167,18379723,18272152,105381609,79404486,25977123,18548424,148274480,12699093,66730020,19620933,31052854,30850882,201972,63460904,3192576,25671,180844216,326506357,6146734,"CB_1995_USA",9618095,540982,200433744,23349222,227488088,3705122,30219351,3840528250,3088337618,302710604,51213581,16045940,26144913,74354281,8244075,40179849,52966100,0,661417461,537859842,319332316,218527526,86972300,2611327471,2605474263,2552508159,0,18727614,1080115693,23906699,68696465,1052914020,27201673,35788020,298532831,625990005,0,57503480,1455630,22254363,30399950,48776028,93992277,217178808,,128551199,-1627626448,8167170,110859814,4536175147,1030048010,2573481681,301251579,21151876,148934029,154436089,82429135,149811858,12255296,1746979212,966722772,1485185,398023024,66383195,6644156,0,8145587,810876720,426337894,18521398,74086499,812583231,197938603,"United States & Other Areas",43535532,75222485,42892876,8145587,217178808,826502461,5853208,"1995"
4012106792,10453,58922251,303577245,94492615,6066973,545727570,2874439296,431915248,2301978722,416168313,572460574,15746935,17340609,79407729,59272890,20134839,12594362,111323664,11027340,64754493,18913759,28088642,28014362,74280,60623346,2462722,-15227,149112449,312509513,5073588,"CB_1994_USA",6387805,-570667,164105576,23152589,190402782,3144617,24008983,3568167177,2906408485,257993682,48596450,15336507,22420427,67630414,7533040,39171244,52216777,0,589090130,488704376,300348392,188355984,68215297,2366157183,2359812767,2307595991,0,19759507,997703982,22649457,64506079,971247135,26456847,31928078,283208292,568955229,0,45258255,1516202,23970579,30726040,44624072,86414867,193938498,,118254361,-1763597358,8855004,101491304,4527690346,1047700312,2442524041,249648484,16858859,141747213,146670024,76279340,144291572,11273636,1589703546,849096159,1489763,343050947,60942833,10176528,0,6755461,823027624,400180217,15570837,77220883,806027050,243640777,"United States & Other Areas",40755564,67590883,31915943,6755461,193938498,852820498,6344416,"1994"
3707088284,10961,55528294,272978552,84140882,6037219,540139315,2754329568,329996596,2182232869,314328748,572096695,15667848,23581140,79593997,59170860,20423137,8486234,105764666,16849167,63066044,18473646,22033057,21965633,67424,58203405,2164480,2069971,150700336,274668680,6177067,"CB_1993_USA",4745348,3059652,150329204,24942365,178667343,3395774,18056725,3291700421,2718269768,245166390,48886987,14918964,19856252,57768336,6689604,37132850,52805296,0,538568598,419971179,265614563,154356616,44807958,2157405937,2150657915,2097852620,0,21345761,922965309,20943613,66415117,900614973,22350336,29693162,267698969,515864112,0,37477910,1810319,35387287,42833582,43041783,81406985,122294539,,135136319,-1839126958,8572875,96366504,4488517147,1089036380,2424332959,222186235,15520004,136181090,139401716,74959005,139743107,17543921,1569656444,795157264,1494006,272994875,60040041,16784090,0,7446295,836712044,395763421,15498736,77770656,848198668,266272261,"United States & Other Areas",37371665,66499006,26170718,7446295,122294539,854676522,6748022,"1993"
3506170931,11467,53104078,298082527,98493278,5158700,510845337,2698681884,286799471,2157924339,273407551,540757539,13391920,30848486,98211114,76885473,21325641,9267645,121829291,26086865,58306965,17888319,14130949,14050718,80231,54815778,1862436,408755,158429806,252375949,7447316,"CB_1992_USA",5789234,4005452,157651676,23387565,184853902,3814661,15558841,3088378852,2598750210,255336770,51936187,13978289,14483113,42059292,5310134,34994275,54518802,0,536132455,385823501,249402987,136420514,37994653,2041272646,2032493526,1977974723,0,25122443,868394631,19950398,78617491,847051934,21342697,27236811,257776949,463470285,0,34953064,1902058,53170118,62233012,31990373,80295901,80540351,,117857568,-1883164904,9026940,96788853,4476030995,1046621864,2411882411,152816961,12488086,123162568,133507498,65649713,131011078,25689786,1601555924,854415210,1478373,238970157,51671424,26377354,0,9062894,772940694,361003693,12720218,71726225,789450910,247194626,"United States & Other Areas",33730903,70482871,23618167,9062894,80540351,810326496,8779120,"1992"
3430682290,11927,52249450,304862139,106262600,4495801,454228278,2687663566,304642440,2207198704,291763644,480464862,12878796,37363176,138454988,113286847,25168141,14325311,167302352,34314237,53953277,17730442,14300346,14227833,72513,53110990,2059870,686675,149269212,230925089,9182158,"CB_1991_USA",9044245,2971851,185538407,24206310,213782556,4037839,12245345,3011114057,2611886616,289214022,52534732,12814087,8264847,22541777,4670321,34980052,55145877,0,558838533,391855143,252758026,139097117,46706466,2064049249,2052754432,1997608554,0,29223941,851272972,18508544,102645383,825308808,25964164,23879070,249580878,430694933,0,36802772,1961558,64856448,76007910,17935435,88314053,66589149,,114369261,-1905381491,7138174,100357636,4485549247,913060658,2383021107,146839266,12462171,128920870,121911675,59739039,124794714,32867375,1676189368,1015732171,1487199,215858361,46924952,27553031,0,11151462,691384542,319253512,11993011,73249920,715876965,198574072,"United States & Other Areas",24961999,75431456,28847352,11151462,66589149,706831748,11294817,"1991"
3389489669,12347,51436835,318015934,102430176,4198909,463949562,2650149959,293445336,2161500627,280305950,488649328,13139386,33902707,161524230,127439326,34084904,22744206,204952380,32087055,46572465,17430523,13869740,13775121,94619,51765473,1764905,646766,146669994,245323574,12695613,"CB_1990_USA",12461946,481249,203658200,30749024,238813439,4406215,10645512,2956291608,2570713404,320475804,51125986,11439133,7704184,22567248,5378844,33324255,55532472,0,614984391,403500261,269907393,133592868,51249327,2123918807,2110170281,2054637808,0,34060436,829785336,17293724,126160330,803198483,26586853,20898901,238220391,400625137,0,38166882,2176594,67152992,78133899,15991078,85882146,47931397,,118847862,-1937162121,9104893,105420290,4472786897,798101174,2356704622,137792278,18919058,133922772,115523415,54899362,115768467,29703798,1672191011,1094653886,1518275,194601391,43460229,21607189,0,10980907,604622233,275627872,8824438,83483907,609600904,150803867,"United States & Other Areas",23920331,81662389,43428169,10980907,47931397,684513604,13748526,"1990"
3299362233,12715,48212354,350234484,135620275,4016950,460604226,2548504783,311711947,2065031465,298903865,483473316,12808082,26912026,157554607,123945199,33609408,24899622,205141604,31020096,42362178,16593313,14079634,13970428,109206,49165706,1724054,309802,146492986,275691309,15227745,"CB_1989_USA",12937591,801197,201832150,32142150,237992289,4017989,6037710,2887952335,2503897317,317371442,46783981,10266505,9540222,24004086,4429824,31114750,53743848,0,618467761,401194814,269735220,131459594,57781377,2073326425,2058195194,2004451352,0,40220842,761678350,16696284,135986751,738888368,22789982,19980414,215381885,350843034,0,37233791,2178380,52439861,62128703,15574853,87257957,42748988,,125634679,-2067059728,5961601,109069058,4500533852,748844787,2236792823,141222277,20963315,128718294,112229834,50915568,108121205,22895076,1568291498,1027343810,1532051,189241974,40649063,13827368,0,9688842,558638734,222366272,9511841,94186784,562174544,145315881,"United States & Other Areas",19773886,79379141,47586991,9688842,42748988,668501329,15131231,"1989"
3130795767,13137,45732682,355562883,149544695,4093338,458843166,2431734672,315079166,1952256561,303459783,479478110,11619383,22709097,129495816,101048320,28447496,18657128,165027852,17164470,38983117,15787115,13234060,13142658,91402,46559628,1470791,812450,127698186,234928731,13691998,"CB_1988_USA",10286011,279458,170972369,26905893,201334939,3456677,5178167,2734465693,2350530080,272276911,42037621,9434090,9987808,33708099,4926375,30220700,46665674,0,600212643,377968821,260732730,117236091,58762044,1948147969,1932376195,1885710515,0,45081555,675148231,15516601,128440655,653020727,22127504,18260384,189035742,301767345,0,34431934,2851530,47575949,56404141,24812194,95523967,35517256,,126322017,2107361652,5647787,108613633,4505078896,741519397,2116655509,143630828,15404120,128046714,107249055,44953378,101329856,18615759,1454846070,916292946,1526984,163215442,35519288,11354349,0,8828192,535995041,166359901,0,106233159,527873981,167878032,"United States & Other Areas",16862430,70942005,35532039,8828192,35517256,661809440,15771774,"1988"
2999948955,13723,44950481,358338780,163911678,3662489,455841710,2335455886,341609890,1857830810,328696422,477625086,12913468,20091642,115699293,89701033,25998260,15840911,144952607,37543826,36823781,15237716,10666289,10574880,91409,45182994,1416728,200526,130417338,237451062,12124904,"CB_1987_USA",8938310,1427364,154679548,22735697,180401143,2985898,4842832,2627043075,2237213253,244839538,39416477,8718791,5404283,6579616,3958651,29427250,49889970,0,589035565,351186151,248275537,102910614,64291710,1844380088,1829174137,1779284155,0,52605257,600205153,14433331,119910522,582784752,17420401,17681148,167537955,263221796,0,31101660,2697455,54564409,63357249,2803219,86150448,32716470,,126527237,1984773710,5734977,106112062,238835137,721267273,1993845971,121619698,11995705,117693989,99886934,41481014,97244511,16429153,1349343048,816736988,1545364,163133808,32762223,10991476,0,8792840,520713434,135717783,0,120755872,516327308,178089318,"United States & Other Areas",17614228,64438342,29253344,8792840,32716470,644502941,15205951,"1987"
2940698646,14210,42663477,379330736,154073092,3074471,510809520,2283527391,313794668,1751130350,301941475,532397041,11853193,19651912,117562340,93078473,24483867,15922914,142829241,22105877,32832820,14497356,9230401,9157471,72930,42919791,1310463,276192,139055877,248380055,11443636,"CB_1986_USA",9046472,3950856,148997806,24160934,175572525,2413785,4374218,2548578166,2127042015,237765872,38362905,7962406,5265640,18456260,3339300,31602330,28899683,0,600454163,335703123,243845675,91857448,70257566,1772681032,1756437631,1727536952,0,58750164,515573343,12709339,106743820,498299167,17274176,15893910,140362382,222589716,0,27508893,2850236,38634425,48485333,17417674,58189875,43047673,,132831750,1924957446,5276473,104975245,248318227,712365559,1969732706,107739992,8033509,110645928,94935622,35876520,90249964,16577441,1283690345,746557627,1562847,182103550,27914114,9178240,0,9850908,484864572,83362915,0,140365758,499372690,127137754,"United States & Other Areas",16941382,62192313,25266886,9850908,43047673,686042343,16243401,"1986"
2730672227,14417,40662300,340689436,142043133,2723478,451005103,2118087855,321843750,1646777318,310625668,471310527,11218081,15974591,130811928,100682798,30129130,16623023,157322506,17774041,29061667,13301368,8533227,8451848,81379,40002870,1102698,227500,133205085,222005510,14014398,"CB_1985_USA",9527328,1565198,151364242,29883975,183596280,2348063,2863389,2362693380,1981868221,248220304,37738959,7373906,5628710,21813015,3343244,36111240,23262449,0,577358716,309001073,230555050,78446023,68028640,1648697113,1630789882,1607527446,0,61185018,438651144,11358641,89233754,425383638,13267506,12590174,113450233,198750836,0,24314505,2970985,34484718,43889200,17977015,33256867,40511091,,134046799,1767055842,5035543,102470277,243526193,589136555,1796244040,95455061,8784894,118597491,90897788,31054038,82364741,13251113,1213066098,756102382,1562317,173716176,23680132,7209375,0,9404482,439406625,49967444,0,160557537,442924918,118287000,"United States & Other Areas",14659347,64623929,26510615,9404482,40511091,583178021,17907231,"1985"
2508870797,14496,38443672,323727103,142263509,2153737,414171068,1962934885,317569815,1531600216,307770354,431335086,9799461,12992384,140451879,104669918,35781961,19478736,169084383,13816418,25044496,11887467,7627061,7562877,64184,36886855,800966,218111,110717271,188775538,16923886,"CB_1984_USA",10582133,-140410,147516859,33622526,183309451,2170066,2314630,2157036224,1803063680,250352802,37135805,6554459,4721322,20145725,2397650,40387448,18705242,0,565252241,266910906,205715080,61195826,72352339,1527624956,1508600829,1489895597,0,49486127,385721816,10180625,76140170,374889409,10832407,10798262,96133320,181637032,0,20244107,2980373,34353107,43603685,15501811,25071800,28610381,,127268345,1631474505,4102226,92707365,234650789,503631228,1645365040,69503694,8352868,123752123,81268348,26512317,73818200,10838647,1118981016,727562744,1526735,139327652,19957858,5860535,0,9250578,385549466,52309033,0,120790242,376997064,108132948,"United States & Other Areas",10203859,67039474,28632570,9250578,28610381,526384023,19024127,"1984"
2342101000,14469,36605000,341850000,160177000,2058000,389527000,1842503000,308399000,1451703000,308399000,390799000,0,10568000,120408000,91386000,29022000,16497000,143887000,10802000,21852000,11180000,7357000,7304000,53000,33877000,689000,73000,93484000,178534000,17027000,"CB_1983_USA",9272000,-21000,128245000,23724000,153935000,1966000,1655000,1979264000,1640128000,217226000,36992000,5429000,4017000,21000,0,39893000,15472000,,524749000,224609000,179367000,45242000,109212000,1335893000,1316780000,1301308000,,,336737000,9313000,60578000,327958000,8779000,9297000,81431000,167339000,,17065000,2798000,0,0,14931000,0,17054000,,0,0,0,0,1842503000,463839000,389527000,0,0,0,73339000,23269000,66909000,8510000,1137047000,680738000,1508605,93484000,17840000,5175000,,,424295000,76526000,2361000,158385000,,168095000,"United States & Other Areas",7093000,63291000,17186000,0,0,397058000,19113000,"1983"
2193339000,14451,33970000,334216000,167897000,1594000,370860000,1705689000,306756000,1334828000,306756000,370860000,0,8152000,141740000,99994000,41746000,20724000,169343000,8342000,20111000,10026000,6840000,6796000,44000,31424000,661000,68000,103793000,179744000,24274000,"CB_1982_USA",11389000,-1280000,136147000,31049000,169139000,1943000,,1849447000,1524675000,238316000,33514000,4594000,3037000,1280000,0,37005000,13203000,,504125000,198979000,162251000,36728000,106952000,1244769000,1224284000,1211081000,,,307791000,8373000,52305000,298859000,8932000,7636000,72072000,158473000,,16716000,2773000,0,0,14996000,0,19134000,,0,0,0,0,1705689000,304208000,370860000,0,0,0,68972000,20176000,61561000,6558000,1022048000,723911000,1498648,103793000,15582000,4411000,,,366676000,76364000,1978000,155081000,,118694000,"United States & Other Areas",7330000,69177000,21385000,0,0,376931000,20486000,"1982"
2028982000,14414,30378000,327410000,154153000,1545000,384273000,1588782000,318504000,1204509000,318504000,384273000,0,5296000,139441000,92706000,46735000,23878000,169840000,5066000,17018000,8596000,5839000,5809000,30000,28044000,617000,56000,91149000,163818000,24295000,"CB_1981_USA",12269000,-1583000,128658000,34846000,165258000,1754000,,1704760000,1377335000,231274000,29452000,3921000,3904000,1583000,0,33709000,11415000,,455246000,192385000,159569000,32816000,94699000,1152576000,1131536000,1120121000,,,291229000,8318000,44946000,282590000,8639000,7098000,67257000,154971000,,15869000,2548000,0,0,14803000,0,12799000,,0,0,0,0,1588782000,223450000,384273000,0,0,0,61431000,17527000,53658000,3751000,880357000,661626000,1488556,91149000,13606000,2608000,,,339337000,69103000,1938000,151537000,,103709000,"United States & Other Areas",6460000,66016000,24495000,0,0,388993000,21040000,"1981"
1855687000,14434,26652000,331909000,133381000,1281000,431540000,1481162000,294011000,1049623000,294011000,431540000,0,4876000,98419000,63478000,34941000,16770000,120122000,4478000,14635000,7354000,5098000,5078000,20000,24673000,546000,17000,70350000,133290000,16256000,"CB_1980_USA",8763000,-854000,126954000,,128325000,1371000,,1535197000,1191755000,176419000,23075000,3187000,4658000,854000,0,32260000,10053000,62019000,390973000,187376000,157504000,29872000,81168000,1037494000,1016461000,1006408000,10375000,,269113000,8549000,36591000,262378000,6735000,6498000,63875000,146865000,33203000,13993000,2288000,0,0,14010000,0,9386000,,0,0,0,0,1481162000,200871000,431540000,0,0,0,56297000,14348000,46662000,3595000,751962000,554741000,1441500,70350000,11161000,2209000,,,325058000,59078000,1770000,146263000,,104466000,"United States & Other Areas",6554000,48094000,17316000,0,0,435187000,21032000,"1980"
1691789000,14364,23539000,306566000,111172000,1199000,430691000,1362805000,272493000,932114000,272493000,430691000,0,3763000,71888000,47364000,24524000,12356000,87912000,3785000,12849000,6281000,4485000,4472000,13000,21562000,501000,39000,61272000,112347000,10670000,"CB_1979_USA",6126000,-650000,102192000,,103265000,1073000,,1392057000,1052863000,138900000,18839000,2529000,4442000,650000,0,31422000,9182000,67805000,351066000,192693000,162759000,29934000,69547000,966553000,944703000,935521000,10659000,,249273000,8563000,32720000,243927000,5346000,6281000,59587000,136776000,32228000,11766000,2149000,0,0,12838000,0,9777000,,0,0,0,0,1362805000,206568000,430691000,0,0,0,50988000,11381000,40692000,2564000,656785000,453053000,1396970,61272000,8852000,2131000,,,284092000,49358000,1664000,132807000,,88380000,"United States & Other Areas",6253000,35635000,12857000,0,0,433527000,21851000,"1979"
1507936000,14391,21326000,274028000,91645000,1074000,399460000,1233403000,220619000,833943000,220619000,399460000,0,3571000,50213000,35655000,14558000,7264000,59383000,3526000,11244000,5585000,3722000,3713000,9000,18744000,448000,45000,48890000,91401000,6713000,"CB_1978_USA",3682000,-447000,76182000,,77044000,862000,,1242634000,933643000,103957000,16518000,2049000,3940000,447000,0,28649000,7956000,61051000,307592000,171883000,147445000,24438000,66097000,859607000,840935000,832979000,9735000,,217074000,8474000,27024000,212740000,4334000,5694000,53604000,117944000,30539000,9057000,2140000,0,0,10759000,0,7125000,,0,0,0,0,1233403000,220399000,399460000,0,0,0,44574000,9625000,35573000,2497000,611328000,392925000,1319828,48890000,7576000,2507000,,,269120000,42316000,1609000,123525000,,89682000,"United States & Other Areas",6159000,26913000,7712000,0,0,401455000,18673000,"1978"
1339376000,14411,19009000,242953000,9915000,814000,378723000,1116618000,187343000,550446000,187343000,378723000,0,3611000,38812000,28596000,10216000,4543000,44565000,3303000,9599000,4980000,3305000,3302000,3000,16346000,392000,47000,49875000,82945000,4888000,"CB_1977_USA",2476000,142000,58991000,,59690000,699000,,1040729000,640169000,82252000,15198000,1807000,2875000,-142000,0,25712000,6692000,49862000,197092000,141252000,122791000,18461000,37450000,618516000,729705000,722814000,9125000,,178606000,7732000,21395000,178606000,,4911000,47803000,96765000,27943000,5810000,1039000,0,0,8879000,0,7265000,,0,0,0,0,1116618000,220090000,378723000,0,0,0,37687000,8106000,30925000,2797000,548806000,330356000,1320598,49875000,6299000,3130000,,,258125000,35818000,1611000,113021000,,96027000,"United States & Other Areas",5739000,22562000,4935000,0,0,380363000,14701000,"1977"
1182412000,14410,17235000,203783000,9667000,687000,333963000,991913000,160986000,496961000,160986000,333963000,0,4190000,35004000,26254000,8750000,3312000,39328000,3691000,8494000,4486000,3036000,3034000,2000,14751000,345000,26000,45869000,70320000,4487000,"CB_1976_USA",1985000,312000,51645000,,52179000,534000,,928724000,573203000,73033000,14382000,1635000,2409000,-312000,0,23268000,6187000,39825000,178751000,118906000,104478000,14428000,35901000,542632000,633015000,626675000,8738000,,150905000,6717000,17273000,150905000,,4582000,41253000,81080000,24321000,5118000,798000,0,0,7843000,0,8251000,,0,0,0,0,991913000,203926000,333963000,0,0,0,33705000,7630000,27731000,3503000,495008000,293035000,1255075,45869000,5995000,2975000,,,246513000,34327000,1541000,103579000,,96883000,"United States & Other Areas",5124000,20854000,3657000,0,0,335916000,12595000,"1976"
1086673571,14384,16054000,189408000,7567000,547000,321423000,915856000,135109000,459326000,135109000,321423000,0,3790000,26246000,26246000,,3323000,30240000,3612000,7185000,3857000,3032000,3030000,2000,12687000,294000,34000,37345000,52190000,,"CB_1975_USA",2295000,37000,43380000,,43380000,,,852150000,516697000,57917000,12242000,1555000,1793000,-37000,0,20135000,8655000,33509000,175923000,106810000,94433000,12377000,38967000,506703000,590218000,581214000,8668000,,136187000,6371000,,136187000,,5915000,46882000,77019000,23221000,4413000,773000,0,0,7255000,0,5699000,,0,0,0,0,915856000,160654000,321423000,0,0,0,27675000,8643000,23729000,3243000,457617000,298672000,1188809,37345000,7088000,1935000,,,226024000,33299000,,100822000,,81014000,"United States & Other Areas",4408000,14537000,3617000,0,0,323132000,7490000,"1975"
1037197280,14230,14683000,178307000,4090000,461350,314417000,871225000,125113000,431996000,125113000,314417000,0,2418281,27886000,27886000,,5985504,35070707,2290000,6547000,3413066,2768104,2765674,2430,11585000,283203,11920,38937000,51224000,,"CB_1974_USA",3712304,-87000,47126000,,47126000,,,807363000,488204000,61218304,10380000,1459858,2084000,87000,0,18225000,8377000,32942938,184217000,103713687,92575687,11138000,45202000,509433000,584055000,575444000,9001883,,131751000,6031000,,131751000,,7591000,43577000,74552000,22989268,3056000,724000,0,0,7078920,0,8043000,,0,0,0,0,871225000,136258000,314417000,0,0,0,26148000,6925858,21545066,1956931,430580000,295737902,1144159,38937000,5466000,829000,,,188892000,31087000,,96823000,,51889000,"United States & Other Areas",4260000,14092304,6268707,0,0,315833000,7258209,"1974"
824959797,13976,12789000,116939000,2771000,394000,309106000,681619000,,372513000,,309106000,,1548033,19833000,19833000,,3899016,24489474,1263695,5460000,2984197,2430000,2426000,4000,10127000,254458,21561,34379920,50481000,,"CB_1973_USA",2486695,-27000,35373000,,35373000,,,668780752,427883351,47034126,9174431,1326992,2122000,27000,0,17153000,7527000,33480736,158688000,100382803,91241803,9141000,39696000,461890000,459756000,452229000,8380191,,118787000,5420000,,118787000,,6929000,38642000,67796000,23754089,2136000,772000,,,6581866,0,8655329,,0,0,0,0,681619000,127775000,309106000,0,0,0,22545000,5999992,18571197,1154033,371179000,244738359,1095203,34379920,4673000,434000,,,179400832,27537760,,91228000,,55293000,"United States & Other Areas",4117351,11661126,4153474,0,0,310441000,6694937,"1973"
730901706,13733,11525000,111844113,2782000,363663,296391000,616907567,,320516000,,296391000,,1250989,13845000,13845000,,1429171,15602943,972238,4665000,2672000,2195816,2192000,3816,9086000,213532,20000,25634862,33731000,,"CB_1972_USA",1026550,92000,25645000,,25645000,,,589154224,359500820,35029550,8358000,1262022,1708000,-92000,0,14301000,6624000,29084924,132498000,87629904,80406402,7223502,29997000,388902180,388902000,382278000,6436145,,99086394,4752270,,99086394,,5776000,31714703,56843421,22484640,,1161000,,,5655762,0,5128096,,0,0,0,0,616907567,124188000,296391000,0,0,0,19427000,5220022,16423000,887326,319368000,196327760,1025997,25634862,3958000,369000,,,178459362,21156678,,87418000,,64709715,"United States & Other Areas",4092820,9384550,1642703,0,0,297539000,,"1972"
633573367,13612,10285000,98690700,2427000,317320,262278862,539184062,,276905000,,262279000,,1404520,12225000,12225000,,1095648,13603029,868000,4366000,2428318,2232431,2227000,5431,8397000,142381,-639,19643272,24180000,,"CB_1971_USA",871167,213000,23079000,,23079000,,,507826105,304709180,31628167,7678000,1231470,1689000,-213000,0,12506206,6151274,24850695,118401000,74796848,68809102,5987746,21313511,328225855,328226000,322075000,4674364,,82314290,4173726,,82314290,,3981850,26277989,47880725,19353459,,668000,,,5236361,0,5307564,,0,0,0,0,539184062,112166000,262278862,0,0,0,18025000,4747470,15191318,1087200,275990000,164739249,980660,19643272,3516000,391000,,,163680833,17071836,,80135021,,62696667,"United States & Other Areas",2956180,8549167,1238029,0,0,263194000,,"1971"
570158397,13511,9143000,93048095,1402000,255350,247166000,482506000,,235339000,,247166000,,1236988,10486000,10486000,,1400838,12455568,703150,4549000,2163000,2053739,2047000,6739,7716000,104730,-12810,15952321,16609000,,"CB_1970_USA",1006367,-104000,22969000,,22969000,,,450911324,254708879,30513367,6538000,1178192,2173000,104000,0,11099000,5998689,22366443,112268000,66003700,60851723,5151977,18375377,298186377,298186000,292187000,,,73082885,4319352,,73082885,,3307589,23238944,42217000,16928945,,669000,,,4837040,0,5664059,,0,0,0,0,482506000,98811000,247166000,0,0,0,18057000,4202192,14428000,981638,234772000,136528000,951867,15952321,3024000,407000,,,141370003,12481059,,67414393,,58880431,"United States & Other Areas",2091879,7544367,1505568,0,0,247733000,,"1970"
524645322,13473,8070059,89335000,302000,209124,240130785,436989665,,196859000,,240131000,,697874,9793000,9793000,,1205787,11532649,521064,3396000,1846000,1776035,1769000,7035,6782000,100742,6914,9712405,14685000,,"CB_1969_USA",811580,-237000,20728000,,20728000,,,412899490,214144316,27284580,5745000,1120000,2164000,237000,0,10323000,5885873,22706108,108394000,63355683,59633395,3722288,17364110,286751110,286752000,280866000,,,70324748,3992931,,70324748,,3210358,22053459,41068000,17066160,,602000,,,4333850,0,3181756,,0,0,0,0,436989665,93796302,240130785,0,0,0,15753000,3521000,12024000,488750,196582000,103063000,904008,9712405,2401000,360820,,,122019085,9239140,,57573000,,53262588,"United States & Other Areas",1998316,6556580,1306529,0,0,240408000,,"1969"
500160338,13487,6656856,83266000,335000,219000,228724682,434651699,,205927000,,228725000,,629000,8685000,8685000,,,9314986,512000,2683000,1601000,1488000,1488000,,5856000,101000,,6527458,7468200,,"CB_1968_USA",,-457000,17121000,,17121000,,,401489458,215505337,22501000,5380000,1055000,1266000,457000,0,9712410,5215000,21200443,98143000,58406799,56296664,2110135,15822557,264639967,264640000,259425000,,,65327939,3735180,,65327939,,,20448759,41144000,16698575,,,,,3786000,0,,,0,0,0,0,434651699,96166256,228724682,0,0,0,13186000,2974000,10140000,410000,205614000,109760761,866725,6527458,1919000,323257,,,135202000,10072000,,58391738,,64141000,"United States & Other Areas",2110137,5380000,101000,0,0,229037000,,"1968"
450646791,13514,6007170,77529000,541000,169000,210456955,395795923,,185339000,,210457000,,601000,7383000,7383000,,,7733664,434000,2292000,1407000,1342000,1342000,,5204000,83664,,3924357,4980322,,"CB_1967_USA",,-21000,14647000,,14647000,,,360463357,192303712,19152000,4505000,986000,1177154,21000,0,9260220,4732000,18890458,88182000,51420083,50069861,1350222,14294760,237488980,237489000,232757000,,,58674222,3419336,,58674222,,,17884886,37370000,14893437,,,,,3508846,0,,,0,0,0,0,395795923,94451458,210456955,0,0,0,11418000,2626000,8903000,432000,184998000,90887510,809554,3924357,1640000,282704,,,123241000,8896000,,49820973,,62212000,"United States & Other Areas",1984390,4505000,83664,0,0,210797000,,"1967"
402898789,13538,5619000,68649000,253000,144000,191737364,352840159,,161103000,,191737000,,546000,6259472,6259472,,,6627811,417000,2046000,1261000,1240048,1240048,,4694000,67339,,2460941,2824088,,"CB_1966_USA",,-392447,13286000,,13286000,,,322953941,165656990,17135311,3849311,915049,1029906,392447,0,8547000,4336933,18290164,80394000,47986068,47986068,,15319410,220305410,220306000,215969000,,,54102422,3112422,,54102422,,,16330000,34660000,13701770,,,,,3039647,0,,,0,0,0,0,352840159,90076746,191737364,0,0,0,10508000,2373049,8001000,402000,160922000,71026049,760133,2460941,1458000,,,,104271000,5951000,,40831664,,55897000,"United States & Other Areas",1729902,3849311,67339,0,0,191918000,,"1966"
375394111,13544,5144222,60436719,740682,142024,183836865,331512681,,147676000,,183837000,,465678,5070781,5070781,,,5316463,324000,1867226,1143462,1146186,1146186,,4287716,56163,,2064215,2438413,,"CB_1965_USA",,-426,11205000,,11205000,,,305505605,151767114,14714998,3509998,842775,1029162,426,0,8203013,4011273,17139000,71235183,45497247,45497247,,15281050,203061201,203061201,199050000,,,49393933,2888012,,49393933,,,14346493,32159428,13665853,,,,,2861412,0,,,0,0,0,0,331512681,92554897,183836865,0,0,0,9399000,2113598,7298404,323654,,55120919,732163,2064215,1270823,,,,103650708,4513114,,38480349,,59209832,"United States & Other Areas",1652701,3509998,56163,0,0,,,"1965"
345130205,13493,4753588,60032916,859176,175174,178691247,306230277,,127539000,,178691000,,426566,4088061,4088061,,,4241087,251000,1737963,1032544,1062561,1062561,,4009794,25749,,,,,"CB_1964_USA",,-14000,9785000,,9785000,,,276914876,128349657,13110723,3325723,781405,1148000,14000,0,7496223,3552676,14661720,60040383,39814778,39814778,,14270635,178648870,178648870,175096000,,,43733086,2616604,,43733086,,,12377719,28738763,11950210,,,,,2602000,0,,,0,0,0,0,306230277,82966971,178691247,0,0,0,8870000,1924674,6780301,251392,,44572059,702658,0,1143269,,,,100959700,3586296,818907,33343807,,62447900,"United States & Other Areas",810657,3325723,25749,0,0,,,"1964"
311790148,13291,3944690,50445462,666809,114810,162952144,274646629,,111694000,,162953000,,353063,3464308,3464308,,,3574160,238000,1544359,919980,990039,990039,,3741408,3335,,,,,"CB_1963_USA",,118000,8672000,,8672000,,,254071838,111824014,11769514,3097514,728857,1227000,-118000,0,7461413,2994811,12437272,52702200,34531746,34531746,,13036112,158927544,158928178,155933000,,,39088205,2303251,,39088205,,,10539675,26245279,10265352,,,,,2393000,0,,,0,0,0,0,274646629,76413701,162952144,0,0,0,8196000,1750146,6205747,238253,,35280784,648967,0,1021289,449310,,,97472029,3607932,761652,29611314,,62707048,"United States & Other Areas",130014,3097514,3335,0,0,,,"1963"
295983003,13124,3403454,53798705,494254,101765,163216578,261443531,,98227000,,163217000,,268932,2845283,2845283,,,2911371,167000,1429979,823555,939426,939426,,3492650,1763,,,,,"CB_1962_USA",,198000,7718000,,7718000,,,235429734,98247496,10570237,2852237,681243,1256000,-198000,0,7072969,2694275,10529184,48668367,30524024,30524024,,11020442,142717591,142717591,140023000,,,34309294,2002871,,34309294,,,8938880,23367543,9340453,,,,,2348000,0,,,0,0,0,0,261443531,71043588,163216578,0,0,0,7659000,1659832,5746184,167167,,27183365,656153,0,978589,480755,,,94912480,3005925,689017,24582904,,65830546,"United States & Other Areas",20496,2852237,1763,0,0,,,"1962"
277374117,13115,3101723,56181467,330134,90669,165092941,247904875,,82812000,,165093000,,280694,2106645,2106645,,,2146465,190000,1371254,735543,893230,893230,,3276324,1823,,,,,"CB_1961_USA",,409000,7009000,,7009000,,,214798776,82834107,9539866,2530866,630458,1406000,-409000,0,6224041,2606474,9062043,45156607,27819669,27819669,,8342976,127413856,127413856,124807000,,,30330432,1731465,,30330432,,,7448966,21150001,8776345,,,,,2374000,0,,,0,0,0,0,247904875,63887535,165092941,0,0,0,7394000,1549882,5383121,190025,,18924397,633380,0,919424,442272,,,89661642,2259293,620059,20103538,,65943868,"United States & Other Areas",22107,2530866,1823,0,0,,,"1961"
256322119,13126,2829328,51901992,204790,93916,155709317,228993232,,73284000,,155709000,,300165,1785086,1785086,,,1874495,206000,1845687,498294,829522,829522,,2797966,2024,,,,,"CB_1960_USA",,110000,6807000,,6807000,,,198747028,73307219,9176124,2369124,589954,1384000,-110000,0,5639635,2356217,8928125,43132100,26376970,26376970,,8085875,119877828,119877828,117522000,,,28694419,1631073,,28694419,,,6774992,20288354,7721904,,,,,2257000,0,,,0,0,0,0,228993232,73283915,155709317,0,0,0,7302000,1578332,5141947,206249,,,609807,0,988378,375212,,,81020238,99729,571053,17336667,,60422227,"United States & Other Areas",23219,2369124,2024,0,0,,,"1960"
243421960,13114,2624494,49211482,166310,94341,151538240,219011505,,67473000,,151539000,,147774,1580250,1580250,,,1661819,53000,1832000,444000,774167,774167,,2577000,2219,,,,,"CB_1959_USA",,-698000,5969000,,5969000,,,189443652,67499214,8247427,2278427,532000,884000,698000,0,4983470,2171789,,40195317,24133935,24133935,,7937973,112866641,112866641,110695000,,,28031357,1570790,,28031357,,,6213848,20246719,,,,,,1553000,0,,,0,0,0,0,219011505,67473265,151538240,0,0,0,6585000,1456000,4853000,53433,,,580600,0,924000,276062,,,78582342,42000,539000,16754000,,58349000,"United States & Other Areas",26214,2278427,2219,0,0,,,"1959"
237474461,13124,2322247,48791792,188575,91512,149487971,215168651,,65681000,,149488000,,152568,1380575,1380575,,,1407102,61000,1496258,389942,723500,723500,,2400000,2366,,,,,"CB_1958_USA",,588000,5141000,,5141000,,,184376986,65708689,7187001,2046001,486507,1271000,-588000,0,4927126,1955113,,40457241,20680478,20680478,,717821,100086769,100086769,98132000,,,25267331,1453007,,25267331,,,5394408,18419916,,,,,,2082000,0,,,0,0,0,0,215168651,65680680,149487971,0,0,0,5780000,1333549,4286200,61056,,,552331,0,847042,249476,,,86056411,6080,504997,16316891,,65782876,"United States & Other Areas",27689,2046001,2366,0,0,,,"1958"
221534482,13165,2095927,48218664,122001,72007,142827445,200485251,,57658000,,142827000,,143573,1141715,1141715,,,1193487,72000,1427137,352165,675867,675867,,2267547,2234,,,,,"CB_1957_USA",,-173000,4963000,,4963000,,,169252687,57685657,6817876,1854876,440892,998000,173000,0,4030148,1776004,,40545528,20199777,20199777,,728404,95577014,95577014,93801000,,,23104149,1348615,,23104149,,,4765787,16989747,,,,,,1578000,0,,,0,0,0,0,200485251,57657806,142827445,0,0,0,5625000,1243996,4046849,71566,,,543815,0,803104,219461,,,75329686,7394,476205,13732692,,57678711,"United States & Other Areas",27657,1854876,2234,0,0,,,"1957"
216145685,13218,1893536,48444022,105666,63479,144384676,196507125,,52122000,,144385000,,155547,805857,805857,,,853638,92000,1316525,315611,614501,614501,,2093128,2389,,,,,"CB_1956_USA",,-286000,4413000,,4413000,,,164196002,52150925,6125887,1712887,385297,815000,286000,0,4115690,1561775,,38706798,18828502,18828502,,653962,91704565,91704565,90143000,,,22484310,1317065,,22484310,,,4331082,16836163,,,,,,1476000,0,,,0,0,0,0,196507125,52122449,144384676,0,0,0,5272000,1122401,3725264,92068,,,522025,0,737104,176043,,,73947336,12751,443630,12716647,,57944935,"United States & Other Areas",28925,1712887,2389,0,0,,,"1956"
209145179,13237,1700036,46559853,143225,67173,141037486,190988628,,49951000,,141038000,,116576,678237,678237,,,703911,49000,1189095,285146,563543,563543,,1895908,2581,,,,,"CB_1955_USA",,-164000,3697000,,3697000,,,159743644,49980791,5381731,1684731,339975,794000,164000,0,4411465,1267677,,33209723,17159640,17159640,,572826,83628098,83628098,82360000,,,20767275,1278753,,20767275,,,3773179,15715343,,,,,,1320000,0,,,0,0,0,0,190988628,49951142,141037486,0,0,0,4677000,1020131,3370149,49403,,,493722,0,680156,154132,,,77240419,10329,421177,12500910,,60866308,"United States & Other Areas",29791,1684731,2581,0,0,,,"1955"
200588794,13323,1522620,43235072,163224,74398,134782730,183309223,,48526000,,134783000,,118764,618341,618341,,,629809,44000,1063950,261172,514066,514066,,1761875,2912,,,,,"CB_1954_USA",,350000,3263000,,3263000,,,154645995,48550385,4860554,1597554,311806,908000,-350000,0,5126944,1070973,,26823376,14720160,14720160,,239932,71412268,71412268,70341000,,,18347430,1139304,,18347430,,,3229244,13978882,,,,,,1473000,0,,,0,0,0,0,183309223,48526493,134782730,0,0,0,4231000,930856,3086997,44366,,,468792,0,619050,123896,,,84141771,21239,392242,12387053,,68099627,"United States & Other Areas",24385,1597554,2912,0,0,,,"1954"
191062168,13432,1392396,44478304,103436,62035,130289223,175083481,,44794000,,130289000,,120960,534493,534493,,,561643,59000,1016705,232868,470888,470888,,1652295,2979,,,,,"CB_1953_USA",,-117000,3156000,,3156000,,,144220898,44815937,4660704,1504704,271444,786000,117000,0,4883837,961317,,27157544,14411636,14411636,,161925,68227485,68227485,67266000,,,16612658,1062224,,16612658,,,2806061,12744373,,,,,,1070000,0,,,0,0,0,0,175083481,44794258,130289223,0,0,0,4098000,837205,2901868,58925,,,456324,0,565761,128052,,,76851462,33456,371785,10620012,,62439479,"United States & Other Areas",21937,1504704,2979,0,0,,,"1953"
186682379,13439,1290798,44299249,116961,53512,129992116,171357027,,41365000,,129992000,,88244,458059,458059,,,482655,35000,893650,214243,438298,438298,,1495232,3675,,,,,"CB_1952_USA",,-64000,2784000,,2784000,,,140221404,41390027,4160052,1376052,244696,695000,64000,0,3824558,903935,,27815944,12641861,12641861,,157357,64728245,64728245,63824000,,,15615871,1036500,,15615871,,,2583496,11995875,,,,,,1067000,0,,,0,0,0,0,171357027,41364911,129992116,0,0,0,3677000,786790,2603125,34732,,,435079,0,542094,123352,,,76280443,22196,356741,10006206,,62385975,"United States & Other Areas",25027,1376052,3675,0,0,,,"1952"
177448839,13455,1192647,44241808,89963,51072,124879989,163171949,,38292000,,124880000,,85950,385344,385344,,,398887,35000,792565,201435,414984,414984,,1350819,3876,,,,,"CB_1951_USA",,-27000,2425000,,2425000,,,131133771,38310083,3658157,1233157,230507,559000,27000,0,3331145,813589,,25787675,10399389,10399389,,148838,58184383,58184383,57371000,,,14487412,982711,,14487412,,,2423448,11081253,,,,,,1047000,0,,,0,0,0,0,163171949,38291960,124879989,0,0,0,3259000,755208,2344819,34878,,,408767,0,524701,123003,,,73672808,21222,337520,9016262,,60577613,"United States & Other Areas",18083,1233157,3876,0,0,,,"1951"
166792478,13446,1108923,39864505,180874,52013,117006559,153497611,,36491000,,117007000,,80763,343040,343040,,,351669,29000,730485,187750,386916,386916,,1201724,4333,,,,,"CB_1950_USA",,52000,2008000,,2008000,,,125187824,36511291,3248881,1240881,212272,428000,-52000,0,2833460,672986,,21808262,10061154,10061154,,90033,52481670,52481670,51809000,,,13415820,946188,,13415820,,,2219326,10250306,,,,,,1072000,0,,,0,0,0,0,153497611,36491052,117006559,0,0,0,2897000,700276,2119959,28750,,,383900,0,488004,110084,,,73197950,11316,323442,7958929,,61035564,"United States & Other Areas",20291,1240881,4333,0,0,,,"1950"
155318639,13436,1046151,35222106,79619,42787,107145560,143194309,,36049000,,107145000,,102042,328010,328010,,,336685,59000,692263,167557,349052,349052,,1110750,5093,,,,,"CB_1949_USA",,35000,1760000,,1760000,,,118402841,36070731,2975206,1215206,194013,325000,-35000,0,2963112,548034,,16939200,8007054,8007054,,97913,43046700,43046700,42499000,,,11412921,885617,,11412921,,,2014215,8513089,,,,,,968000,0,,,0,0,0,0,143194309,36048749,107145560,0,0,0,2638000,650905,1970570,59255,,,365747,0,456892,93224,,,75824222,6215,312769,6402782,,65840995,"United States & Other Areas",21731,1215206,5093,0,0,,,"1949"
152162826,13419,999046,38097434,74132,50592,105154865,140682521,,35528000,,105155000,,78880,316570,316570,,,325232,28000,653470,154434,326603,326603,,1044452,5230,,,,,"CB_1948_USA",,-19000,1600000,,1600000,,,112391933,35550304,2797697,1197697,173791,275000,19000,0,2774536,409217,,18765233,6806207,6806207,,121126,42387812,42387812,41979000,,,10671388,847912,,10671388,,,1910842,7912634,,,,,,941000,0,,,0,0,0,0,140682521,35527656,105154865,0,0,0,2473000,642386,1852356,28288,,,359624,0,468595,80371,,,70338801,8404,307726,5511216,,61398382,"United States & Other Areas",22304,1197697,5230,0,0,,,"1948"
152773209,13403,936444,36936014,78137,67687,106934598,141888666,,34954000,,106935000,,120370,298274,298274,,,306911,53000,594566,145792,309324,309324,,947111,5981,,,,,"CB_1947_USA",,-18000,1282000,,1282000,,,114382444,34983542,2540943,1258943,147761,302000,18000,0,1609688,,,18014990,5655268,5655268,,113941,37591988,37591988,37592000,,,9270649,793539,,9270649,,,1661126,6815984,,,,,,775000,0,,,0,0,0,0,141888666,34954068,106934598,0,0,0,2234000,601913,1687469,52683,,,349812,0,454152,80041,,,76712307,13504,302183,5130927,,67946187,"United States & Other Areas",29542,1258943,5981,0,0,,,"1947"
147365393,13359,902000,33704000,117176,74499,103416303,137030000,,33613000,,103417000,,71253,268624,268624,,,279333,-3000,537327,137164,290638,290638,,830929,8345,,,,,"CB_1946_USA",,76000,951000,,951000,,,112326176,33648368,2346137,1395137,124696,323000,-76000,0,1357944,,514029,14018991,4031402,4031402,,81068,30739973,30740000,30740000,,,7106468,683569,,7106468,,,1365361,5057538,2202897,,,,,894000,0,,,0,0,0,0,137030000,33612986,103416303,0,0,0,2067000,576135,1505420,-3246,,,334092,0,451439,85000,,,81469000,15027,298000,4301000,,73559973,"United States & Other Areas",35368,1395137,8345,0,0,,,"1946"
157582209,13302,903000,34303000,99444,67014,117847138,147811000,,29964000,,117847000,,55901,233321,233321,,,247538,-11000,479262,139012,262669,262669,,690899,11769,,,,,"CB_1945_USA",,134000,727000,,727000,,,121934444,30006892,2027175,1300175,109789,299000,-134000,0,1314293,,224762,9462256,2361240,2361240,,48599,25768677,25769000,25769000,,,4679250,507342,,4679250,,,840404,3331504,1471836,,,,,894000,0,,,0,0,0,0,147811000,29963844,117847138,0,0,0,1779000,577859,1309173,-11113,,,304394,0,468070,100000,,,96066000,21669,320000,3875000,,88911331,"United States & Other Areas",42892,1300175,11769,0,0,,,"1945"
134612745,13268,940000,29746000,81327,84224,101793313,125752000,,23958000,,101794000,,70090,186773,186773,,,201530,-14000,433585,139152,239548,239548,,626700,13645,,,,,"CB_1944_USA",,19000,698000,,698000,,,103489327,24008065,1788253,1090253,107375,203000,-19000,0,1722866,,174164,7921036,1888410,1888410,,59374,21354758,21355000,21355000,,,4344151,449614,,4344151,,,737930,3156607,1204933,,,,,736000,0,,,0,0,0,0,125752000,23958482,101793313,0,0,0,1586000,519402,1199437,-14134,,,285831,0,412027,139000,,,82053000,977613,347000,3424000,,74918387,"United States & Other Areas",50065,1090253,13645,0,0,,,"1944"
112246361,13274,994000,27191000,89013,85664,84956088,104116000,,19160000,,84956000,,75223,163900,163900,,,178726,-10000,396322,139923,219166,219166,,582100,14324,,,,,"CB_1943_USA",,-13000,706000,,706000,,,83611013,19160000,1567412,861412,95332,128000,13000,0,1505253,,160456,7777748,1868428,1868428,,57939,18843488,18844000,18844000,,,4437990,448577,,4437990,,,785826,3203587,1205670,,,,,623000,0,,,0,0,0,0,104116000,19159689,84956088,0,0,0,1388000,484142,1118345,-10441,,,280956,0,388810,207000,,,64678000,2501430,355000,3288000,,56191570,"United States & Other Areas",,861412,14324,0,0,,,"1943"
95459010,13347,1048000,27593000,113537,68546,71559350,87820000,,16261000,,71559000,,80647,174674,174674,,,189533,12000,395618,137002,213085,213085,,552559,14523,,,,,"CB_1942_USA",,-54000,817000,,817000,,,66364537,16261000,1427298,610298,84309,80000,54000,0,1641775,,280434,7757567,2270472,2270472,,27000,18906869,18907000,18907000,,,4647193,476738,,4647193,,,907343,3263112,1256594,,,,,426000,0,,,0,0,0,0,87820000,16261077,71559350,0,0,0,1237000,419540,1085179,12101,,,222398,0,335231,301000,,,47344000,2718398,419000,3533000,,37993602,"United States & Other Areas",,610298,14523,0,0,,,"1942"
76827000,13430,1060000,25793000,158310,70947,53560860,69421000,,15860000,,53561000,,103868,190256,190256,,,208193,33000,419798,167785,235833,235833,,513948,17563,,,,,"CB_1941_USA",,-16000,848000,,848000,,,49452310,15860000,1357175,509175,,8000,16000,0,1449942,,,9215139,,,,39793,21262202,21262000,21262000,,,4775583,535329,,4775583,,,1031410,3208844,,,,,,436000,0,,,0,0,0,0,69421000,13261402,53560860,0,0,0,1149000,446483,1101531,32921,,2598311,268182,0,446483,370000,,,28032000,4686397,444311,3652000,,16944850,"United States & Other Areas",,509175,17563,0,0,,,"1941"
70720000,13442,1071000,26291000,157391,65887,47716084,63470000,,15754000,,47716000,,113699,200790,200790,,,218577,48000,369018,178979,219437,219437,,485194,17313,,,,,"CB_1940_USA",,-15000,769000,,769000,,,42718391,15754000,1268650,499650,,6000,15000,0,1281362,,,7178907,,,,43948,18397775,18398000,18398000,,,4470196,543553,,4470196,,,1043802,2882841,,,,,,383000,0,,,0,0,0,0,63470000,13062315,47716084,0,0,0,1049000,435928,1033191,47812,,2691204,253240,0,435928,463000,,,24163000,4247939,480663,3608000,,13344441,"United States & Other Areas",,499650,17313,0,0,,,"1940"
63146526,13538,1091114,21876000,204960,65581,40839329,56076349,,15237000,,40839000,,136137,215237,215237,,,234307,71000,364774,155911,213836,213836,,471360,18448,,,,,"CB_1939_USA",,0,727000,,727000,,,39498960,15237000,1248681,521681,,5000,0,0,1094399,,,6331392,,,,57307,16866021,16866000,16866000,,,4137450,534273,,4137450,,,1006178,2596999,,,,,,370000,0,,,0,0,0,0,56076349,12622325,40839329,0,0,0,1015000,423392,992045,70556,,2614695,246325,0,423392,565585,,,22428000,3822001,509196,3285180,,12153207,"United States & Other Areas",,521681,18448,0,0,,,"1939"
56800254,13661,1123363,17176000,237600,56405,34949194,49778676,,14829000,,34950000,,150100,229629,229629,,,249990,94000,350698,155416,202674,202674,,461936,19435,,,,,"CB_1938_USA",,-49000,705000,,705000,,,37712600,14829000,1236854,531854,,4000,49000,0,1064933,,,5633313,,,,128003,16024318,16024000,16024000,,,3859109,519365,,3859109,,,923025,2416719,,,,,,281000,0,,,0,0,0,0,49778676,12195956,34949194,0,0,0,987000,409068,968050,93695,,2633526,241269,0,409068,645699,,,21451000,2935395,538996,3011333,,11936870,"United States & Other Areas",,531854,19435,0,0,,,"1938"
54212416,13797,1160501,14931000,214027,89860,32364469,47223688,,14859000,,32365000,,141537,235350,235350,,,260878,52000,352060,154228,201450,201450,,452165,24195,,,,,"CB_1937_USA",,-59000,710000,,710000,,,37440027,14859000,1282019,572019,,5000,59000,0,788355,,,,,,,73497,16749740,16750000,16750000,,,3641000,501543,,3641000,,,,3139457,,,,,,357000,0,,,0,0,0,0,47223688,12100322,32364469,0,0,0,1021000,409512,958453,51677,,2758897,241645,0,409512,519572,,,20476000,2414491,615379,2586920,,11572791,"United States & Other Areas",,572019,24195,0,0,,,"1937"
56210481,13973,1177752,15730000,255056,110595,35147022,49283126,,14136000,,35147000,,250266,237222,237222,,,273383,140000,375216,147575,188886,188886,,427042,34531,,,,,"CB_1936_USA",,113000,663000,,663000,,,38527315,14136000,1236991,573991,,2000,-113000,0,637369,,,,,,,90269,15964864,15965000,15965000,,,3446855,487604,,3446855,,,,2959251,,,,,,490000,0,,,0,0,0,0,49283126,11491137,35147022,0,0,0,964000,504638,949833,139671,,2644967,233411,0,504638,560468,,,22307259,2558256,636387,2756130,,12535460,"United States & Other Areas",,573991,34531,0,0,,,"1936"
50925635,14125,1196266,13851000,253542,81812,30779759,44147311,,13368000,,30779000,,318732,262228,262228,,,298196,237000,323765,119170,174216,174216,,410953,33321,,,,,"CB_1935_USA",,-211000,643000,,643000,,,35088542,13368000,1190727,547727,,,211000,0,,,,,,,,105322,14718724,14719000,14719000,,,3322762,487505,,3322762,,,,2835257,,,,,,174000,0,,,0,0,0,0,44147311,10575116,30779759,0,0,0,893000,582979,853888,236920,,2792436,110294,0,582979,550723,,,20116000,2429671,616382,2657957,,11168436,"United States & Other Areas",,547727,33321,0,0,,,"1935"
46448076,14146,1212438,11202101,343147,52874,26332555,39015142,,12683000,,26332000,,552857,302603,302603,,,327723,500000,336472,124790,169973,169973,,402038,17796,,,,,"CB_1934_USA",,-377000,691000,,691000,,,33128654,12683000,1241092,550092,,,377000,0,,,,,,,,163951,14613892,14613892,14614000,,,3335665,499251,,3335665,,,,2836414,,,,,,-357000,0,,,0,0,0,0,39015142,9708911,26332555,0,0,0,913000,469533,863300,499983,,2973676,235796,0,469533,465313,,,18171507,1643499,635955,2410686,,10503059,"United States & Other Areas",,550092,17796,0,0,,,"1934"